{
    "15": [
        -1,
        53.333333333333336,
        46.666666666666664,
        60.0,
        53.333333333333336
    ],
    "14": [
        42.85714285714286,
        57.14285714285714,
        28.57142857142857,
        57.14285714285714,
        50.0
    ],
    "13": [
        53.84615384615385,
        61.53846153846154
    ]
}